observed_ewi,bootstrap_mean_ewi,robust_ratio,n_bootstrap
0.13297409288732867,0.047759947250221,2.7842177502973136,100
