compound,raw,direct,propagated
Hyperforin,0.11380974516807535,0.07113355742950661,0.04267618773856874
Quercetin,0.032171300082812014,0.0031594843058480315,0.029011815776963983
